round,h_ronda,node,aggregation_method,accuracy,precision,recall,f1_score,specificity,sensitivity,trainning_time,loss,cpu_percent_before,cpu_percent_after,ram_mb_before,ram_mb_after,temperature_c,cpu_freq_mhz,open_sockets,latency_model_download_s,latency_model_upload_s,net_bytes_tx_model,net_bytes_tx_system,net_bandwidth_tx_kbps,net_packets_sent,net_errors_out,net_drops_out,net_bytes_rx_model,net_bytes_rx_system,net_bandwidth_rx_kbps,net_packets_recv,net_errors_in,net_drops_in,net_throughput_kbps,net_transmission_time_s,central_net_bytes_rx_model,central_net_bytes_rx_system,central_net_bandwidth_rx_kbps,central_net_throughput_kbps,central_net_transmission_time_s,central_net_bytes_tx_model,central_net_bytes_tx_system,central_net_bandwidth_tx_kbps,central_latency_model_dist_s,ecomp_j,ecomm_j,etotal_j,cumulative_etotal_j,n_train_samples,fednova_tau,nova_grad_available,comm_overhead_bytes,aggregation_time_s,inter_silo_variance,recall_variance,global_recall,best_recall_so_far,straggler_delay_s,worker_arrival_order,rounds_no_improvement,early_stopping_triggered,total_etotal_round_j,cumulative_ealpha_j,converged,converged_round,convergence_time_s
1,0,Nodo_2,FedAvg,1.0,1.0,1.0,1.0,1.0,0.0,0.09145903587341309,4.1710702996504934e-05,2.6,2.4,580.32,657.8,42.84,1500.0,14,0.0,0.12,94781,93120,6199.33,68,0,0,,,,,,,6583.73,0.12,0,714,844.18,2182.58,0.007,0,0,0,0,0.00229824,0.0,0.00229824,0.002298,38,9,False,0,0.04,4.1e-05,0.0,1.0,1.0,0.001,"{""Nodo_2"": 6.191, ""Nodo_3"": 6.191, ""Nodo_1"": 6.192, ""Nodo_5"": 6.192, ""Nodo_4"": 6.192}",0,False,0.021168,0.021168,False,1,
1,0,Nodo_3,FedAvg,1.0,1.0,1.0,1.0,1.0,0.0,0.058564186096191406,0.013010950051248074,2.6,5.0,583.44,680.5,44.3,1500.0,14,0.0,0.238,94781,93061,3124.4,69,0,0,,,,,,,3955.48,0.238,0,635,999.67,2970.69,0.005,0,0,0,0,0.001512,0.0,0.001512,0.001512,25,6,False,0,0.04,4.1e-05,0.0,1.0,1.0,0.001,"{""Nodo_2"": 6.191, ""Nodo_3"": 6.191, ""Nodo_1"": 6.192, ""Nodo_5"": 6.192, ""Nodo_4"": 6.192}",0,False,0.021168,0.021168,False,1,
1,0,Nodo_1,FedAvg,1.0,1.0,1.0,1.0,1.0,0.0,0.1147470474243164,1.4901161193847656e-07,2.6,0.0,556.3,625.82,49.17,1500.0,14,0.0,0.443,94781,93226,1682.67,68,0,0,,,,,,,1832.5,0.443,0,480,764.56,2593.12,0.005,0,0,0,0,0.0038707200000000002,0.0,0.0038707200000000002,0.003871,64,12,False,0,0.04,4.1e-05,0.0,1.0,1.0,0.001,"{""Nodo_2"": 6.191, ""Nodo_3"": 6.191, ""Nodo_1"": 6.192, ""Nodo_5"": 6.192, ""Nodo_4"": 6.192}",0,False,0.021168,0.021168,False,1,
1,0,Nodo_5,FedAvg,1.0,1.0,1.0,1.0,1.0,0.0,0.3263888359069824,0.0,2.5,2.4,616.25,683.77,42.84,1500.0,15,0.0,0.101,94781,93347,7394.72,68,0,0,,,,,,,7996.78,0.101,0,467,638.55,2186.37,0.006,0,0,0,0,0.011975040000000001,0.0,0.011975040000000001,0.011975,198,39,False,0,0.04,4.1e-05,0.0,1.0,1.0,0.001,"{""Nodo_2"": 6.191, ""Nodo_3"": 6.191, ""Nodo_1"": 6.192, ""Nodo_5"": 6.192, ""Nodo_4"": 6.192}",0,False,0.021168,0.021168,False,1,
1,0,Nodo_4,FedAvg,1.0,1.0,1.0,1.0,1.0,0.0,0.05742001533508301,0.013010950051248074,2.5,2.5,638.71,707.07,43.33,1500.0,17,0.0,1.564,94781,93145,476.59,69,0,0,,,,,,,945.65,1.564,0,471,719.81,2425.35,0.005,0,0,0,0,0.001512,0.0,0.001512,0.001512,25,6,False,0,0.04,4.1e-05,0.0,1.0,1.0,0.001,"{""Nodo_2"": 6.191, ""Nodo_3"": 6.191, ""Nodo_1"": 6.192, ""Nodo_5"": 6.192, ""Nodo_4"": 6.192}",0,False,0.021168,0.021168,False,1,
2,0,Nodo_2,FedAvg,1.0,1.0,1.0,1.0,1.0,0.0,0.07795214653015137,0.0,5.1,0.0,653.87,656.42,43.82,1500.0,16,0.206,0.154,94781,93122,4850.23,68,0,0,94589,112929,4385.64,305,0,0,5684.2,0.154,0,47177,28200.83,30551.25,0.013,0,463040,13261.76,0.279,0.00229824,0.103,0.10529823999999999,0.107596,38,9,False,0,0.034,0.0,0.0,1.0,1.0,0.001,"{""Nodo_2"": 5.041, ""Nodo_1"": 5.041, ""Nodo_3"": 5.041, ""Nodo_4"": 5.041, ""Nodo_5"": 5.041}",1,False,0.509668,0.530836,False,1,
2,0,Nodo_1,FedAvg,1.0,1.0,1.0,1.0,1.0,0.0,0.10628914833068848,0.0,0.0,2.6,626.03,633.81,48.2,1500.0,16,0.108,0.11,94781,93115,6774.0,68,0,0,94589,101491,7521.93,179,0,0,7177.25,0.11,0,44150,31300.64,32788.04,0.011,0,297786,12814.86,0.186,0.0038707200000000002,0.054,0.05787072,0.061741,64,12,False,0,0.034,0.0,0.0,1.0,1.0,0.001,"{""Nodo_2"": 5.041, ""Nodo_1"": 5.041, ""Nodo_3"": 5.041, ""Nodo_4"": 5.041, ""Nodo_5"": 5.041}",1,False,0.509668,0.530836,False,1,
2,0,Nodo_3,FedAvg,1.0,1.0,1.0,1.0,1.0,0.0,0.05444788932800293,0.0,2.6,5.0,681.8,685.91,44.79,1500.0,16,0.324,0.158,94781,93071,4708.02,68,0,0,94589,124009,3059.32,432,0,0,5463.11,0.158,0,570,931.11,3015.5,0.005,0,467705,9407.8,0.398,0.001512,0.162,0.16351200000000002,0.165024,25,6,False,0,0.034,0.0,0.0,1.0,1.0,0.001,"{""Nodo_2"": 5.041, ""Nodo_1"": 5.041, ""Nodo_3"": 5.041, ""Nodo_4"": 5.041, ""Nodo_5"": 5.041}",1,False,0.509668,0.530836,False,1,
2,0,Nodo_4,FedAvg,1.0,1.0,1.0,1.0,1.0,0.0,0.04980301856994629,0.0,7.7,7.3,706.13,713.66,42.84,1500.0,19,0.137,1.149,94781,93187,649.07,71,0,0,94589,101491,5939.61,179,0,0,1331.94,1.149,0,515,854.71,2972.4,0.005,0,462300,13925.16,0.266,0.001512,0.0685,0.070012,0.071524,25,6,False,0,0.034,0.0,0.0,1.0,1.0,0.001,"{""Nodo_2"": 5.041, ""Nodo_1"": 5.041, ""Nodo_3"": 5.041, ""Nodo_4"": 5.041, ""Nodo_5"": 5.041}",1,False,0.509668,0.530836,False,1,
2,0,Nodo_5,FedAvg,1.0,1.0,1.0,1.0,1.0,0.0,0.3338503837585449,0.0,2.6,10.0,683.8,689.82,43.33,1500.0,17,0.202,0.621,94781,94078,1212.79,68,0,0,94589,112996,4474.33,306,0,0,1455.72,0.621,0,896,663.48,1723.85,0.011,0,463262,13341.09,0.278,0.011975040000000001,0.101,0.11297504000000001,0.12495,198,39,False,0,0.034,0.0,0.0,1.0,1.0,0.001,"{""Nodo_2"": 5.041, ""Nodo_1"": 5.041, ""Nodo_3"": 5.041, ""Nodo_4"": 5.041, ""Nodo_5"": 5.041}",1,False,0.509668,0.530836,False,1,
3,0,Nodo_3,FedAvg,1.0,1.0,1.0,1.0,1.0,0.0,0.048706769943237305,0.0,2.6,0.0,677.75,677.17,43.82,1500.0,18,0.107,0.099,94781,93091,7502.97,68,0,0,94589,103043,7728.27,137,0,0,8405.76,0.099,0,1132,730.64,1696.21,0.012,0,278939,17430.47,0.128,0.001512,0.0535,0.055012,0.220036,25,6,False,0,0.034,0.0,0.0,1.0,1.0,0.001,"{""Nodo_3"": 5.387, ""Nodo_1"": 5.388, ""Nodo_2"": 5.388, ""Nodo_5"": 5.388, ""Nodo_4"": 5.388}",2,False,0.342668,0.873504,False,1,
3,0,Nodo_1,FedAvg,1.0,1.0,1.0,1.0,1.0,0.0,0.09424924850463867,0.0,7.3,7.5,632.16,632.79,46.74,1500.0,18,0.052,0.112,94781,94290,6753.65,69,0,0,94589,91177,14035.52,63,0,0,7679.27,0.112,0,15728,19538.84,21553.85,0.006,0,226733,25752.47,0.07,0.0038707200000000002,0.026,0.02987072,0.091612,64,12,False,0,0.034,0.0,0.0,1.0,1.0,0.001,"{""Nodo_3"": 5.387, ""Nodo_1"": 5.388, ""Nodo_2"": 5.388, ""Nodo_5"": 5.388, ""Nodo_4"": 5.388}",2,False,0.342668,0.873504,False,1,
3,0,Nodo_2,FedAvg,1.0,1.0,1.0,1.0,1.0,0.0,0.06639838218688965,0.0,7.7,7.3,653.42,655.46,43.82,1500.0,18,0.053,0.125,94781,94282,6036.06,69,0,0,94589,91177,13890.04,63,0,0,7326.48,0.125,0,518,775.53,2685.91,0.005,0,387754,11907.42,0.261,0.00229824,0.0265,0.02879824,0.136395,38,9,False,0,0.034,0.0,0.0,1.0,1.0,0.001,"{""Nodo_3"": 5.387, ""Nodo_1"": 5.388, ""Nodo_2"": 5.388, ""Nodo_5"": 5.388, ""Nodo_4"": 5.388}",2,False,0.342668,0.873504,False,1,
3,0,Nodo_5,FedAvg,1.0,1.0,1.0,1.0,1.0,0.0,0.3585374355316162,0.0,2.6,2.6,687.82,694.75,42.35,1500.0,18,0.116,0.079,94781,92896,9381.26,67,0,0,94589,101970,7046.65,136,0,0,9725.82,0.079,0,523,939.35,3259.89,0.004,0,279095,16581.25,0.135,0.011975040000000001,0.058,0.06997504,0.194925,198,39,False,0,0.034,0.0,0.0,1.0,1.0,0.001,"{""Nodo_3"": 5.387, ""Nodo_1"": 5.388, ""Nodo_2"": 5.388, ""Nodo_5"": 5.388, ""Nodo_4"": 5.388}",2,False,0.342668,0.873504,False,1,
3,0,Nodo_4,FedAvg,1.0,1.0,1.0,1.0,1.0,0.0,0.0454258918762207,0.0,12.5,2.5,713.73,713.64,41.87,1500.0,20,0.315,0.916,94781,93007,812.11,68,0,0,94589,107944,2743.08,189,0,0,1228.09,0.916,0,519,852.95,2950.0,0.005,0,465071,6503.45,0.572,0.001512,0.1575,0.15901200000000001,0.230536,25,6,False,0,0.034,0.0,0.0,1.0,1.0,0.001,"{""Nodo_3"": 5.387, ""Nodo_1"": 5.388, ""Nodo_2"": 5.388, ""Nodo_5"": 5.388, ""Nodo_4"": 5.388}",2,False,0.342668,0.873504,False,1,
4,0,Nodo_4,FedAvg,1.0,1.0,1.0,1.0,1.0,0.0,0.05791831016540527,0.0,0.0,5.0,712.93,713.08,42.35,1500.0,22,0.06,0.082,94781,92856,9023.36,67,0,0,94589,91150,12150.64,63,0,0,9296.04,0.082,0,45508,32837.19,34186.53,0.011,0,262213,18205.27,0.115,0.001512,0.03,0.031512,0.262048,25,6,False,0,0.021,0.0,0.0,1.0,1.0,0.0,"{""Nodo_4"": 4.099, ""Nodo_3"": 4.099, ""Nodo_2"": 4.099, ""Nodo_1"": 4.099, ""Nodo_5"": 4.099}",3,True,0.320668,1.194172,True,1,6.236
4,0,Nodo_3,FedAvg,1.0,1.0,1.0,1.0,1.0,0.0,0.04500293731689453,0.0,2.4,2.5,673.33,676.79,43.82,1500.0,20,0.133,0.085,94781,93070,8724.73,68,0,0,94589,105799,6365.71,97,0,0,8845.75,0.085,0,891,797.64,1999.01,0.009,0,437367,19816.63,0.177,0.001512,0.0665,0.068012,0.288048,25,6,False,0,0.021,0.0,0.0,1.0,1.0,0.0,"{""Nodo_4"": 4.099, ""Nodo_3"": 4.099, ""Nodo_2"": 4.099, ""Nodo_1"": 4.099, ""Nodo_5"": 4.099}",3,True,0.320668,1.194172,True,1,6.236
4,0,Nodo_2,FedAvg,1.0,1.0,1.0,1.0,1.0,0.0,0.06622743606567383,0.0,0.0,0.0,652.23,669.15,41.87,1500.0,20,0.113,0.097,94781,93074,7715.34,68,0,0,94589,106845,7558.26,98,0,0,7896.79,0.097,0,38065,30480.37,32083.46,0.01,0,370909,18356.51,0.162,0.00229824,0.0565,0.05879824,0.195193,38,9,False,0,0.021,0.0,0.0,1.0,1.0,0.0,"{""Nodo_4"": 4.099, ""Nodo_3"": 4.099, ""Nodo_2"": 4.099, ""Nodo_1"": 4.099, ""Nodo_5"": 4.099}",3,True,0.320668,1.194172,True,1,6.236
4,0,Nodo_1,FedAvg,1.0,1.0,1.0,1.0,1.0,0.0,0.0969381332397461,0.0,5.0,0.0,630.29,634.13,47.23,1500.0,20,0.149,0.081,94781,93081,9247.56,68,0,0,94589,105799,5686.97,97,0,0,9470.2,0.081,0,520,1044.12,3638.36,0.004,0,465251,18196.27,0.205,0.0038707200000000002,0.0745,0.07837071999999999,0.169983,64,12,False,0,0.021,0.0,0.0,1.0,1.0,0.0,"{""Nodo_4"": 4.099, ""Nodo_3"": 4.099, ""Nodo_2"": 4.099, ""Nodo_1"": 4.099, ""Nodo_5"": 4.099}",3,True,0.320668,1.194172,True,1,6.236
4,0,Nodo_5,FedAvg,1.0,1.0,1.0,1.0,1.0,0.0,0.3082568645477295,0.0,0.0,2.5,691.76,691.55,43.82,1500.0,20,0.144,0.081,94781,93098,9142.22,68,0,0,94589,105799,5888.44,97,0,0,9899.54,0.081,0,574,720.17,2341.18,0.006,0,464519,19712.85,0.189,0.011975040000000001,0.072,0.08397504,0.2789,198,39,False,0,0.021,0.0,0.0,1.0,1.0,0.0,"{""Nodo_4"": 4.099, ""Nodo_3"": 4.099, ""Nodo_2"": 4.099, ""Nodo_1"": 4.099, ""Nodo_5"": 4.099}",3,True,0.320668,1.194172,True,1,6.236
1,0,Nodo_4,FedNova,1.0,1.0,1.0,1.0,1.0,0.0,0.09376668930053711,4.1710702996504934e-05,7.7,7.3,598.05,667.28,42.84,1500.0,15,0.0,0.246,94781,93120,3024.73,68,0,0,,,,,,,3791.82,0.246,0,1036,994.52,2750.28,0.008,0,0,0,0,0.00229824,0.0,0.00229824,0.002298,38,9,True,0,0.041,2.7e-05,0.0,1.0,1.0,0.001,"{""Nodo_4"": 5.112, ""Nodo_3"": 5.112, ""Nodo_5"": 5.113, ""Nodo_2"": 5.113, ""Nodo_1"": 5.113}",0,False,0.034836,0.034836,True,1,
1,0,Nodo_3,FedNova,1.0,1.0,1.0,1.0,1.0,0.0,0.10837340354919434,1.4901161193847656e-07,7.7,2.5,555.75,645.0,47.71,1500.0,15,0.0,0.177,94781,93226,4210.02,68,0,0,,,,,,,4906.78,0.177,0,829,712.77,2884.62,0.009,0,0,0,0,0.0038707200000000002,0.0,0.0038707200000000002,0.003871,64,12,True,0,0.041,2.7e-05,0.0,1.0,1.0,0.001,"{""Nodo_4"": 5.112, ""Nodo_3"": 5.112, ""Nodo_5"": 5.113, ""Nodo_2"": 5.113, ""Nodo_1"": 5.113}",0,False,0.034836,0.034836,True,1,
1,0,Nodo_5,FedNova,1.0,1.0,1.0,1.0,1.0,0.0,0.058513641357421875,0.013010950051248074,14.6,7.5,597.67,671.23,43.33,1500.0,15,0.0,0.249,94781,92931,2982.45,68,0,0,,,,,,,3767.19,0.249,0,691,733.64,2132.98,0.008,0,0,0,0,0.001512,0.0,0.001512,0.001512,25,6,True,0,0.041,2.7e-05,0.0,1.0,1.0,0.001,"{""Nodo_4"": 5.112, ""Nodo_3"": 5.112, ""Nodo_5"": 5.113, ""Nodo_2"": 5.113, ""Nodo_1"": 5.113}",0,False,0.034836,0.034836,True,1,
1,0,Nodo_2,FedNova,1.0,1.0,1.0,1.0,1.0,0.0,0.33571314811706543,0.0,7.7,4.9,617.02,689.21,42.84,1500.0,15,0.0,0.094,94781,93347,7912.33,68,0,0,,,,,,,8501.0,0.094,0,15469,12575.49,13710.37,0.01,0,0,0,0,0.011975040000000001,0.0,0.011975040000000001,0.011975,198,39,True,0,0.041,2.7e-05,0.0,1.0,1.0,0.001,"{""Nodo_4"": 5.112, ""Nodo_3"": 5.112, ""Nodo_5"": 5.113, ""Nodo_2"": 5.113, ""Nodo_1"": 5.113}",0,False,0.034836,0.034836,True,1,
1,0,Nodo_1,FedNova,1.0,1.0,1.0,1.0,1.0,0.0,0.3884861469268799,0.0,10.3,4.9,638.16,706.63,42.35,1500.0,17,0.0,0.105,94781,93216,7084.57,68,0,0,,,,,,,7632.09,0.105,0,470,662.8,2259.15,0.006,0,0,0,0,0.015180480000000001,0.0,0.015180480000000001,0.01518,251,48,True,0,0.041,2.7e-05,0.0,1.0,1.0,0.001,"{""Nodo_4"": 5.112, ""Nodo_3"": 5.112, ""Nodo_5"": 5.113, ""Nodo_2"": 5.113, ""Nodo_1"": 5.113}",0,False,0.034836,0.034836,True,1,
1,0,Nodo_5,FedProx,1.0,1.0,1.0,1.0,1.0,0.0,0.07278037071228027,0.051000826954841615,7.5,0.0,583.93,659.66,44.79,1500.0,15,0.0,0.135,94781,92921,5501.2,68,0,0,,,,,,,6346.86,0.135,0,28969,15889.73,16719.07,0.015,0,0,0,0,0.001512,0.0,0.001512,0.001512,25,6,False,0,0.038,0.000463,0.0,1.0,1.0,0.001,"{""Nodo_5"": 5.314, ""Nodo_4"": 5.315, ""Nodo_3"": 5.315, ""Nodo_2"": 5.315, ""Nodo_1"": 5.315}",0,False,0.034836,0.034836,True,1,
1,0,Nodo_4,FedProx,1.0,1.0,1.0,1.0,1.0,0.0,0.11035370826721191,0.07255066460684727,7.5,0.0,581.31,651.56,42.84,1500.0,15,0.0,0.1,94781,92979,7440.88,68,0,0,,,,,,,7693.29,0.1,0,1560,1479.25,2831.45,0.008,0,0,0,0,0.00229824,0.0,0.00229824,0.002298,38,9,False,0,0.038,0.000463,0.0,1.0,1.0,0.001,"{""Nodo_5"": 5.314, ""Nodo_4"": 5.315, ""Nodo_3"": 5.315, ""Nodo_2"": 5.315, ""Nodo_1"": 5.315}",0,False,0.034836,0.034836,True,1,
1,0,Nodo_3,FedProx,1.0,1.0,1.0,1.0,1.0,0.0,0.1313788890838623,0.08447619900107384,5.1,0.0,566.39,634.64,48.2,1500.0,15,0.0,0.154,94781,93018,4821.77,68,0,0,,,,,,,5053.95,0.154,0,5819,1801.93,2157.42,0.026,0,0,0,0,0.0038707200000000002,0.0,0.0038707200000000002,0.003871,64,12,False,0,0.038,0.000463,0.0,1.0,1.0,0.001,"{""Nodo_5"": 5.314, ""Nodo_4"": 5.315, ""Nodo_3"": 5.315, ""Nodo_2"": 5.315, ""Nodo_1"": 5.315}",0,False,0.034836,0.034836,True,1,
1,0,Nodo_2,FedProx,1.0,1.0,1.0,1.0,1.0,0.0,0.49466848373413086,0.03666578944433819,5.1,2.6,616.13,686.46,42.84,1500.0,15,0.0,0.09,94781,92790,8226.74,68,0,0,,,,,,,8542.9,0.09,0,8660,2460.39,2786.54,0.028,0,0,0,0,0.011975040000000001,0.0,0.011975040000000001,0.011975,198,39,False,0,0.038,0.000463,0.0,1.0,1.0,0.001,"{""Nodo_5"": 5.314, ""Nodo_4"": 5.315, ""Nodo_3"": 5.315, ""Nodo_2"": 5.315, ""Nodo_1"": 5.315}",0,False,0.034836,0.034836,True,1,
1,0,Nodo_1,FedProx,1.0,1.0,1.0,1.0,1.0,0.0,0.5864696502685547,0.026928614335231096,4.9,0.0,638.25,707.25,42.84,1500.0,17,0.0,0.108,94781,92584,6850.86,67,0,0,,,,,,,7350.63,0.108,0,479,709.36,2409.44,0.005,0,0,0,0,0.015180480000000001,0.0,0.015180480000000001,0.01518,251,48,False,0,0.038,0.000463,0.0,1.0,1.0,0.001,"{""Nodo_5"": 5.314, ""Nodo_4"": 5.315, ""Nodo_3"": 5.315, ""Nodo_2"": 5.315, ""Nodo_1"": 5.315}",0,False,0.034836,0.034836,True,1,
1,0,Nodo_3,FedAvg,1.0,1.0,1.0,1.0,1.0,0.0,0.16154050827026367,0.0,0.0,4.8,554.73,626.33,47.71,1500.0,15,0.0,0.07,94781,93319,10629.99,68,0,0,,,,,,,10785.14,0.07,0,46884,30126.31,31731.46,0.012,0,0,0,0,0.0065318400000000006,0.0,0.0065318400000000006,0.006532,108,21,False,0,0.053,0.0,0.0,1.0,1.0,0.001,"{""Nodo_3"": 4.825, ""Nodo_5"": 4.825, ""Nodo_4"": 4.826, ""Nodo_2"": 4.826, ""Nodo_1"": 4.826}",0,False,0.029393,0.029393,True,1,
1,0,Nodo_5,FedAvg,1.0,1.0,1.0,1.0,1.0,0.0,0.1413729190826416,0.0,0.0,2.5,585.79,663.58,43.82,1500.0,15,0.0,0.094,94781,93350,7908.95,68,0,0,,,,,,,8033.15,0.094,0,16025,11611.34,12680.82,0.011,0,0,0,0,0.005806080000000001,0.0,0.005806080000000001,0.005806,96,18,False,0,0.053,0.0,0.0,1.0,1.0,0.001,"{""Nodo_3"": 4.825, ""Nodo_5"": 4.825, ""Nodo_4"": 4.826, ""Nodo_2"": 4.826, ""Nodo_1"": 4.826}",0,False,0.029393,0.029393,True,1,
1,0,Nodo_4,FedAvg,1.0,1.0,1.0,1.0,1.0,0.0,0.14086246490478516,0.0,0.0,0.0,580.71,669.74,42.35,1500.0,15,0.0,0.097,94781,93272,7728.94,68,0,0,,,,,,,8026.01,0.097,0,76950,23706.03,24516.26,0.026,0,0,0,0,0.005685120000000001,0.0,0.005685120000000001,0.005685,94,18,False,0,0.053,0.0,0.0,1.0,1.0,0.001,"{""Nodo_3"": 4.825, ""Nodo_5"": 4.825, ""Nodo_4"": 4.826, ""Nodo_2"": 4.826, ""Nodo_1"": 4.826}",0,False,0.029393,0.029393,True,1,
1,0,Nodo_2,FedAvg,1.0,1.0,1.0,1.0,1.0,0.0,0.140028715133667,0.0,2.5,2.5,614.23,686.15,41.38,1500.0,14,0.0,0.144,94781,93364,5190.8,68,0,0,,,,,,,5392.45,0.144,0,832,1164.29,3567.03,0.006,0,0,0,0,0.00556416,0.0,0.00556416,0.005564,92,18,False,0,0.053,0.0,0.0,1.0,1.0,0.001,"{""Nodo_3"": 4.825, ""Nodo_5"": 4.825, ""Nodo_4"": 4.826, ""Nodo_2"": 4.826, ""Nodo_1"": 4.826}",0,False,0.029393,0.029393,True,1,
1,0,Nodo_1,FedAvg,1.0,1.0,1.0,1.0,1.0,0.0,0.17052173614501953,0.0,2.4,0.0,637.91,709.76,43.33,1500.0,16,0.0,0.108,94781,93322,6903.24,68,0,0,,,,,,,7021.08,0.108,0,571,476.04,1474.8,0.01,0,0,0,0,0.005806080000000001,0.0,0.005806080000000001,0.005806,96,18,False,0,0.053,0.0,0.0,1.0,1.0,0.001,"{""Nodo_3"": 4.825, ""Nodo_5"": 4.825, ""Nodo_4"": 4.826, ""Nodo_2"": 4.826, ""Nodo_1"": 4.826}",0,False,0.029393,0.029393,True,1,
